,0,1,First Name,last Name
0,Mario,Williams,Mario,Williams
1,Reggie,Bush,Reggie,Bush
2,Vince,Young,Vince,Young
3,D'Brickashaw,Ferguson,D'Brickashaw,Ferguson
4,A.J.,Hawk,A.J.,Hawk
5,Vernon,Davis,Vernon,Davis
6,Michael,Huff,Michael,Huff
7,Donte,Whitner,Donte,Whitner
8,Ernie,Sims,Ernie,Sims
9,Matt,Leinart,Matt,Leinart
10,Jay,Cutler,Jay,Cutler
11,Haloti,Ngata,Haloti,Ngata
12,Kamerion,Wimbley,Kamerion,Wimbley
13,Brodrick,Bunkley,Brodrick,Bunkley
14,Tye,Hill,Tye,Hill
15,Jason,Allen,Jason,Allen
16,Chad,Greenway,Chad,Greenway
17,Bobby,Carpenter,Bobby,Carpenter
18,Antonio,Cromartie,Antonio,Cromartie
19,Tamba,Hali,Tamba,Hali
20,Laurence,Maroney,Laurence,Maroney
21,Manny,Lawson,Manny,Lawson
22,Davin,Joseph,Davin,Joseph
23,Johnathan,Joseph,Johnathan,Joseph
24,Santonio,Holmes,Santonio,Holmes
25,John,McCargo,John,McCargo
26,DeAngelo,Williams,DeAngelo,Williams
27,Marcedes,Lewis,Marcedes,Lewis
28,Nick,Mangold,Nick,Mangold
29,Joseph,Addai,Joseph,Addai
30,Kelly,Jennings,Kelly,Jennings
31,Mathias,Kiwanuka,Mathias,Kiwanuka
33,DeMeco,Ryans,DeMeco,Ryans
34,D'Qwell,Jackson,D'Qwell,Jackson
35,Rocky,McIntosh,Rocky,McIntosh
36,Chad,Jackson,Chad,Jackson
37,Jimmy,Williams,Jimmy,Williams
38,Thomas,Howard,Thomas,Howard
39,Winston,Justice,Winston,Justice
40,Daniel,Bullocks,Daniel,Bullocks
41,Deuce,Lutui,Deuce,Lutui
42,Danieal,Manning,Danieal,Manning
43,Roman,Harper,Roman,Harper
44,Sinorice,Moss,Sinorice,Moss
45,LenDale,White,LenDale,White
46,Joe,Klopfenstein,Joe,Klopfenstein
47,Daryn,Colledge,Daryn,Colledge
48,Cedric,Griffin,Cedric,Griffin
49,Kellen,Clemens,Kellen,Clemens
50,Marcus,McNeill,Marcus,McNeill
51,Ryan,Cook,Ryan,Cook
52,Greg,Jennings,Greg,Jennings
53,Anthony,Fasano,Anthony,Fasano
54,Bernard,Pollard,Bernard,Pollard
55,Andrew,Whitworth,Andrew,Whitworth
56,Chris,Chester,Chris,Chester
57,Devin,Hester,Devin,Hester
58,Richard,Marshall,Richard,Marshall
59,Jeremy,Trueblood,Jeremy,Trueblood
60,Maurice,Jones-Drew,Maurice,Jones-Drew
61,Tony,Scheffler,Tony,Scheffler
62,Tim,Jennings,Tim,Jennings
63,Darryl,Tapp,Darryl,Tapp
64,Tarvaris,Jackson,Tarvaris,Jackson
66,Charles,Spencer,Charles,Spencer
67,Eric,Winston,Eric,Winston
68,Abdul,Hodge,Abdul,Hodge
69,Claude,Wroten,Claude,Wroten
70,Paul,McQuistan,Paul,McQuistan
71,Ashton,Youboty,Ashton,Youboty
72,Chris,Gocong,Chris,Gocong
73,Leonard,Pope,Leonard,Pope
74,Dusty,Dvoracek,Dusty,Dvoracek
75,Brian,Calhoun,Brian,Calhoun
76,Jason,Spitz,Jason,Spitz
77,Anthony,Schlegel,Anthony,Schlegel
78,Jon,Alston,Jon,Alston
79,Travis,Wilson,Travis,Wilson
80,Jerious,Norwood,Jerious,Norwood
81,Clint,Ingram,Clint,Ingram
82,Charlie,Whitehurst,Charlie,Whitehurst
83,Derek,Hagan,Derek,Hagan
84,Anthony,Smith,Anthony,Smith
85,Brandon,Williams,Brandon,Williams
86,Brodie,Croyle,Brodie,Croyle
87,David,Thomas,David,Thomas
88,David,Pittman,David,Pittman
89,James,Anderson,James,Anderson
90,Rashad,Butler,Rashad,Butler
91,Maurice,Stovall,Maurice,Stovall
92,Frostee,Rucker,Frostee,Rucker
93,Jason,Hatcher,Jason,Hatcher
94,Dominique,Byrd,Dominique,Byrd
95,Freddy,Keiaho,Freddy,Keiaho
96,Willie,Reid,Willie,Reid
97,Gerris,Wilkinson,Gerris,Wilkinson
98,Eric,Smith,Eric,Smith
100,Owen,Daniels,Owen,Daniels
101,Max,Jean-Gilles,Max,Jean-Gilles
102,Michael,Robinson,Michael,Robinson
103,Darnell,Bing,Darnell,Bing
104,Calvin,Lowry,Calvin,Lowry
105,Brad,Smith,Brad,Smith
106,Cory,Rodgers,Cory,Rodgers
107,Ko,Simpson,Ko,Simpson
108,Garrett,Mills,Garrett,Mills
109,Gabe,Watson,Gabe,Watson
110,Jahri,Evans,Jahri,Evans
111,Jason,Avant,Jason,Avant
112,Leon,Williams,Leon,Williams
113,Demetrius,Williams,Demetrius,Williams
114,Isaac,Sowells,Isaac,Sowells
115,Victor,Adeyanju,Victor,Adeyanju
116,Joe,Toledo,Joe,Toledo
117,Will,Blackmon,Will,Blackmon
118,Stephen,Tulloch,Stephen,Tulloch
119,Leon,Washington,Leon,Washington
120,Stephen,Gostkowski,Stephen,Gostkowski
121,Brandon,Marshall,Brandon,Marshall
122,Jamar,Williams,Jamar,Williams
123,Nate,Salley,Nate,Salley
124,Alan,Zemaitis,Alan,Zemaitis
125,Domata,Peko,Domata,Peko
126,Barry,Cofield,Barry,Cofield
127,Skyler,Green,Skyler,Green
128,Elvis,Dumervil,Elvis,Dumervil
129,Ray,Edwards,Ray,Edwards
130,Rob,Sims,Rob,Sims
131,Guy,Whimper,Guy,Whimper
132,Domenik,Hixon,Domenik,Hixon
133,Willie,Colon,Willie,Colon
134,P.J.,Daniels,P.J.,Daniels
135,Orien,Harris,Orien,Harris
137,Kyle,Williams,Kyle,Williams
138,Rob,Ninkovich,Rob,Ninkovich
139,Ryan,O'Callaghan,Ryan,O'Callaghan
140,Terna,Nande,Terna,Nande
141,Pat,Watkins,Pat,Watkins
142,Quinn,Ojinnaka,Quinn,Ojinnaka
143,Parys,Haralson,Parys,Haralson
144,Jonathan,Scott,Jonathan,Scott
145,Brandon,Johnson,Brandon,Johnson
146,Brad,Butler,Brad,Butler
147,Marques,Hagans,Marques,Hagans
148,Jerome,Harrison,Jerome,Harrison
149,Dawan,Landry,Dawan,Landry
150,Jeremy,Bloom,Jeremy,Bloom
151,Ingle,Martin,Ingle,Martin
152,Greg,Blue,Greg,Blue
153,Jason,Pociask,Jason,Pociask
154,Tim,Dobbins,Tim,Dobbins
155,DeMario,Minter,DeMario,Minter
156,Anthony,Montgomery,Anthony,Montgomery
157,Marcus,Maxey,Marcus,Maxey
158,Jeff,King,Jeff,King
159,Julian,Jenkins,Julian,Jenkins
160,A.J.,Nicholson,A.J.,Nicholson
161,Charlie,Peprah,Charlie,Peprah
162,Mark,Anderson,Mark,Anderson
163,Brent,Hawkins,Brent,Hawkins
164,Chris,Kuper,Chris,Kuper
165,Michael,Toudouze,Michael,Toudouze
166,David,Kirtman,David,Kirtman
167,Omar,Jacobs,Omar,Jacobs
168,Tony,Moll,Tony,Moll
169,Quinn,Sypniewski,Quinn,Sypniewski
170,Charles,Davis,Charles,Davis
171,Omar,Gaither,Omar,Gaither
172,Jesse,Mahelona,Jesse,Mahelona
174,Wali,Lundy,Wali,Lundy
175,Mike,Hass,Mike,Hass
176,Jonathan,Orr,Jonathan,Orr
177,Reed,Doughty,Reed,Doughty
178,Josh,Lay,Josh,Lay
179,Delanie,Walker,Delanie,Walker
180,Kevin,Boothe,Kevin,Boothe
181,Jonathan,Lewis,Jonathan,Lewis
182,Keith,Ellison,Keith,Ellison
183,Dee,McCann,Dee,McCann
184,Lawrence,Vickers,Lawrence,Vickers
185,Babatunde,Oshinowo,Babatunde,Oshinowo
186,Montavious,Stanley,Montavious,Stanley
187,Johnny,Jolly,Johnny,Jolly
188,Adam,Jennings,Adam,Jennings
189,Tyrone,Culver,Tyrone,Culver
190,Tre,Stallings,Tre,Stallings
191,Jeromey,Clary,Jeromey,Clary
192,Kurt,Smith,Kurt,Smith
193,Drew,Coleman,Drew,Coleman
194,Jeff,Webb,Jeff,Webb
195,Jeremy,Mincey,Jeremy,Mincey
196,Marcus,Hudson,Marcus,Hudson
197,Reggie,McNeal,Reggie,McNeal
198,Bruce,Gradkowski,Bruce,Gradkowski
199,J.D.,Runnels,J.D.,Runnels
200,Kedric,Golston,Kedric,Golston
201,Melvin,Oliver,Melvin,Oliver
202,Greg,Eslinger,Greg,Eslinger
203,Charlie,Johnson,Charlie,Johnson
204,Tyler,Reed,Tyler,Reed
205,Marvin,Philip,Marvin,Philip
206,T.J.,Williams,T.J.,Williams
207,Sam,Koch,Sam,Koch
208,LaJuan,Ramsey,LaJuan,Ramsey
209,Dan,Stevenson,Dan,Stevenson
210,Le,Kevin Smith,Le,Kevin Smith
211,Antoine,Bethea,Antoine,Bethea
212,Derrick,Martin,Derrick,Martin
214,Ethan,Kilmer,Ethan,Kilmer
215,Zach,Strief,Zach,Strief
216,Pat,McQuistan,Pat,McQuistan
217,Fred,Evans,Fred,Evans
218,James,Wyche,James,Wyche
219,Chris,Morris,Chris,Morris
220,Cortland,Finnegan,Cortland,Finnegan
221,Terrance,Pennington,Terrance,Pennington
222,Fred,Matua,Fred,Matua
223,Todd,Watkins,Todd,Watkins
224,Ryan,LaCasse,Ryan,LaCasse
225,Titus,Adams,Titus,Adams
226,Tim,McGarigle,Tim,McGarigle
227,Justin,Hamilton,Justin,Hamilton
228,D.J.,Shockley,D.J.,Shockley
229,E.J.,Whitley,E.J.,Whitley
230,Chase,Page,Chase,Page
231,Rodrique,Wright,Rodrique,Wright
232,Jimmy,Martin,Jimmy,Martin
233,Jarrad,Page,Jarrad,Page
234,Willie,Andrews,Willie,Andrews
235,Kili,Lefotu,Kili,Lefotu
236,Bennie,Brazell,Bennie,Brazell
237,Gerrick,McPhearson,Gerrick,McPhearson
238,Devin,Aromashodu,Devin,Aromashodu
239,Will,Montgomery,Will,Montgomery
240,Justin,Phinisee,Justin,Phinisee
241,Dee,Webb,Dee,Webb
242,Stanley,McClover,Stanley,McClover
243,T.J.,Rushing,T.J.,Rushing
244,Ryan,Plackemeier,Ryan,Plackemeier
245,Cedric,Humes,Cedric,Humes
246,Charles,Bennett,Charles,Bennett
247,Mark,Setterstrom,Mark,Setterstrom
248,Tony,Palmer,Tony,Palmer
249,Tim,Massaquoi,Tim,Massaquoi
250,Spencer,Toone,Spencer,Toone
251,Quinton,Ganther,Quinton,Ganther
252,Anthony,Cannon,Anthony,Cannon
253,Aaron,Merz,Aaron,Merz
254,Ben,Obomanu,Ben,Obomanu
255,Kevin,Simon,Kevin,Simon
256,David,Anderson,David,Anderson
257,Marques,Colston,Marques,Colston
258,Dave,Tollefson,Dave,Tollefson
259,Vickiel,Vaughn,Vickiel,Vaughn
260,Kevin,McMahan,Kevin,McMahan
